Client ID,ZIP Code,ID Client Type
210100002,4049,
210100003,4000,
210100004,4149,
210100006,4405,
210100007,4400,
210100008,4100,
210100010,4560,
210100011,4050,
210100013,4100,
210100014,4420,
210100015,4150,
210100016,4400,
210100017,4100,
210100018,4150,
210100019,4430,
210100020,4400,
210100021,4520,
210100022,4150,
210100023,4460,
210100024,4420,
210100025,4450,
210100026,4445,
210100027,4100,
210100028,4000,
210100030,4150,
210100031,4050,
210100032,4435,
210100034,4150,
210100036,4100,
210100037,4405,
210100038,4150,
210100039,4400,
210100040,4470,
210100041,4470,
210100042,4425,
210100043,4470,
210100044,4149,
210100045,4050,Hotelaria
210100046,4470,
210100047,4149,
210100048,4100,
210100049,4100,
210100050,4450,
210100052,4150,
210100053,4050,
210100054,4000,
210100055,4150,
210100056,4100,
210100057,4150,
210100058,4450,
210100059,4000,
210100060,4050,
210100061,4450,
210100062,4450,
210100063,4470,
210100064,4460,
210100065,4050,
210100066,4150,
210100067,4300,
210100068,4300,
210100069,4100,
210100070,4149,
210100071,2700,
210100072,4470,
210100073,4450,
210100074,4350,
210100075,4250,
210100076,4460,
210100077,4000,
210100080,1150,
210100081,4175,
210100082,4000,
210100083,4000,
210100084,4150,
210100085,4050,
210100086,4000,
210100087,4455,
210100088,4150,
210100089,4400,
210100090,4150,
210100091,4050,
210100092,4460,
210100093,4000,
210100094,4100,
210100095,4150,
210100097,4150,
210100098,4150,
210100099,4400,
210100100,1749,
210100101,1749,
210100102,1749,
210100103,1749,
210100104,1749,
210100105,1749,
210100106,1749,
210100107,1749,
210100108,1749,
210100109,1749,
210100110,1749,
210100111,1749,
210100112,1749,
210100113,1749,
210100114,1749,
210100115,1749,
210100116,1749,
210100117,1749,
210100118,1749,
210100119,1749,
210100120,1749,
210100121,1749,
210100122,1749,
210100123,1749,
210100124,1749,
210100125,1749,
210100126,1749,
210100127,1749,
210100128,1749,
210100129,1749,
210100130,1749,
210100131,1749,
210100132,1749,
210100133,1749,
210100134,1749,
210100135,1749,
210100136,1749,
210100137,1749,
210100138,1749,
210100139,1749,
210100140,1749,
210100141,1749,
210100142,1749,
210100143,1749,
210100144,1749,
210100145,1749,
210100146,1749,
210100147,1749,
210100148,1749,
210100149,1749,
210100150,1749,
210100151,1749,
210100152,1749,
210100153,1749,
210100154,1749,
210100155,4405,
210100156,1749,
210100157,1749,
210100158,1749,
210100159,1749,
210100161,4150,
210100162,4150,
210100163,4150,
210100164,4050,
210100165,4200,
210100166,4200,
210100168,4200,
210100169,4050,
210100170,4100,
210100171,4785,
210100172,4460,
210100173,4460,
210100174,4250,
210100175,4425,
210100176,1749,
210100177,4405,
210100178,4405,
210100179,4405,
210100180,4405,
210100181,4405,
210100183,1749,
210100184,1749,
210100185,4250,
210100186,4100,
210100187,4250,
210100188,4150,
210100189,4250,
210100190,4250,
210100191,4050,
210100192,4515,
210100193,4405,
210100194,4150,
210100195,4150,
210100196,4150,
210100197,4150,
210100198,4150,
210100199,4150,
210100200,4250,
210100201,4470,
210100202,4150,
210100203,4000,
210100204,4150,
210100205,4000,
210100206,4250,
210100207,4465,
210100208,4485,
210100209,4250,
210100210,4490,
210100211,4490,
210100212,1749,
210100214,4490,
210100215,4490,
210100216,4490,
210100217,1749,
210100218,1749,
210100219,4100,
210100220,1749,
210100221,1749,
210100222,4760,
210100223,4485,
210100224,4480,
210100225,1749,
210100226,4740,
210100227,4480,
210100228,4480,
210100229,4480,
210100230,4480,
210100231,4490,
210100232,4480,
210100233,4490,
210100234,4495,
210100235,4785,
210100236,4470,
210100237,3000,
210100238,4445,
210100240,1749,
210100241,1749,
210100242,1749,
210100243,4000,
210100244,1749,
210100245,1749,
210100246,1749,
210100247,1749,
210100248,1749,
210100249,1749,
210100250,4445,
210100251,1749,
210100252,1749,
210100253,1749,
210100255,4580,
210100256,1749,
210100257,1749,
210100258,4445,
210100259,4445,
210100260,1749,
210100261,4200,
210100262,4590,
210100264,4405,
210100265,4400,
210100266,4000,
210100267,4510,
210100268,3810,
210100269,4490,
210100270,4490,
210100271,4490,
210100272,4445,
210100273,1749,
210100274,4470,
210100275,4150,
210100276,4480,
210100277,4050,
210100278,4440,
210100279,4440,
210100280,1749,
210100282,4400,
210100283,4470,
210100284,4490,
210100285,4405,
210100286,4100,
210100287,4150,
210100288,4450,
210100289,4400,
210100290,4150,
210100291,4050,
210100292,4100,
210100293,4000,
210100294,4800,
210100295,4445,
210100296,4450,
210100297,4445,
210100298,4475,
210100299,4150,
210100300,4420,
210100301,4420,
210100302,4050,
210100303,4405,
210100304,4150,
210100305,5100,
210100306,4480,
210100307,4100,
210100308,1800,
210100309,1800,
210100310,4000,
210100311,4420,
210100312,4740,
210100313,4100,
210100315,4455,
210100316,4200,
210100317,4400,
210100318,4445,
210100320,4490,
210100321,4490,
210100322,4490,
210100323,4490,
210100324,4490,
210100325,4100,
210100326,4000,
210100327,4460,
210100328,4350,
210100329,4450,
210100330,4150,
210100331,4200,
210100332,4405,
210100333,4100,
210100334,4460,
210100338,4300,
210100339,4520,
210100342,4520,
210100343,4050,
210100344,4050,
210100345,4050,
210100346,4470,
210100347,4200,
210100348,4400,
210100350,4480,
210100351,1070,
210100352,4405,
210100353,4000,
210100354,4000,
210100355,4450,
210100356,4515,
210100357,4100,
210100358,4000,
210100359,4445,
210100360,4445,
210100361,4465,
210100363,4000,
210100364,4404,
210100365,4455,
210100366,4450,
210100367,4400,
210100368,4435,
210100370,4490,
210100371,4480,
210100372,4490,
210100373,4515,
210100375,1749,
210100376,4810,
210100377,4460,
210100378,4400,
210100379,4400,
210100380,4520,
210100381,4465,
210100382,4050,
210100383,4485,
210100384,4515,
210100385,4445,
210100386,4445,
210100387,4100,
210100388,4000,
210100389,4420,
210100390,4200,
210100391,4350,
210100392,4350,
210100393,4250,
210100394,4150,
210100395,4150,
210100396,4150,
210100397,4300,
210100398,4100,
210100399,4300,
210100400,4150,
210100401,3000,
210100402,4405,
210100403,4405,
210100404,4150,
210100405,4250,
210100406,4200,
210100408,4200,
210100409,4435,
210100411,4150,
210100412,4149,
210100413,4149,
210100414,4050,
210100415,4515,
210100416,4460,
210100417,4405,
210100418,4450,
210100419,4250,
210100420,4300,
210100421,3350,
210100422,4470,
210100423,4000,
210100425,4520,
210100426,4440,
210100427,4440,
210100428,4440,
210100429,4440,
210100430,4445,
210100431,4150,
210100432,4000,
210100433,4455,
210100434,4100,
210100435,4445,
210100436,4405,
210100437,1800,
210100439,2665,
210100440,1749,
210100441,4250,
210100442,4150,
210100443,4000,
210100444,4470,
210100445,4000,
210100446,4470,
210100447,4050,
210100448,4250,
210100449,4460,
210100450,4400,
210100451,4400,
210100452,4400,
210100453,4400,
210100456,4405,
210100457,4450,
210100459,4740,
210100461,4435,
210100462,4405,
210100463,4405,
210100464,4000,
210100465,4430,
210100466,4400,
210100467,4400,
210100468,4100,
210100470,4430,
210100471,4400,
210100472,4430,
210100473,4400,
210100475,4150,
210100476,4150,
210100478,4450,
210100479,4450,
210100480,4430,
210100481,4050,
210100482,4400,
210100483,4445,
210100484,4150,
210100485,4405,
210100486,4450,
210100487,4475,
210100488,4050,
210100490,4435,
210100491,4200,
210100492,4050,
210100493,4050,
210100494,4050,
210100495,4000,
210100496,4350,
210100498,4000,
210100499,4350,
210100501,4430,
210100502,4470,
210100503,4460,
210100504,9504,
210100506,4435,
210100507,4435,
210100508,1749,
210100509,4405,
210100510,4405,
210100511,4405,
210100512,4410,
210100513,4400,
210100514,4405,
210100516,4200,
210100517,4300,
210100518,4000,
210100519,4420,
210100520,4430,
210100521,4450,
210100522,4400,Restaurante - Churrasqueira
210100523,4400,
210100524,1749,
210100525,1749,
210100526,4050,
210100527,4535,
210100528,4400,
210100529,4535,
210100530,4536,
210100531,4400,
210100532,4760,
210100533,2855,
210100534,3080,
210100535,4536,
210100536,4535,
210100537,4536,
210100538,4536,
210100539,4535,
210100540,3080,
210100541,4536,
210100542,4535,
210100543,4536,
210100544,4150,
210100546,4150,
210100547,4150,
210100548,4150,
210100549,4150,
210100550,4150,
210100551,7080,
210100552,4536,
210100553,4535,
210100554,8300,
210100555,4535,
210100556,4535,
210100557,4100,
210100558,4535,
210100559,4536,
210100560,4485,
210100561,4536,
210100562,4536,
210100563,4536,
210100564,3080,
210100565,4050,
210100566,5085,
210100567,4535,
210100568,4536,
210100569,1250,
210100570,4535,
210100571,4536,
210100572,4536,
210100573,4536,
210100574,4536,
210100575,4100,
210100576,4100,
210100577,4535,
210100578,4535,
210100579,4536,
210100580,4535,
210100581,4000,
210100582,4000,
210100583,4000,
210100584,4000,
210100585,4536,
210100586,4535,
210100587,7230,
210100588,4825,
210100589,1600,
210100590,1600,
210100591,1600,
210100592,4450,
210100593,4425,
210100596,4470,
210100597,1070,
210100598,2780,
210100599,2914,
210100600,7000,
210100601,8000,
210100602,1000,
210100603,1070,
210100604,1250,
210100605,1099,
210100606,2900,
210100607,1269,
210100608,8400,
210100609,1099,
210100610,4490,
210100611,4400,
210100612,4400,
210100613,4520,
210100614,4810,
210100615,3000,
210100616,3080,
210100617,3080,
210100618,2400,
210100619,5300,
210100620,3800,
210100621,3510,
210100622,4700,Hotelaria
210100623,4445,
210100624,4425,
210100625,4200,
210100626,3080,
210100627,4420,
210100628,4420,
210100629,4435,
210100630,4435,
210100631,4435,
210100632,4445,
210100633,4425,
210100634,4400,
210100635,4150,
210100636,4470,Restaurante - Churrasqueira
210100637,4450,
210100638,4400,
210100639,1749,
210100640,1749,
210100641,1749,
210100642,1749,
210100643,1749,
210100644,1749,
210100645,4445,
210100646,4425,
210100647,4425,
210100648,4425,
210100649,4445,
210100650,4445,
210100651,4300,
210100652,4400,
210100653,4150,
210100654,4445,
210100655,4445,
210100656,4445,
210100657,4445,
210100659,4300,
210100661,4425,
210100662,4150,
210100663,4460,
210100664,4445,
210100665,4510,
210100666,4420,
210100667,4400,
210100668,4405,
210100669,4405,
210100670,4400,
210100671,4400,
210100672,4400,
210100676,4250,
210100677,4050,
210100678,4150,
210100679,4150,
210100680,4445,
210100681,4100,
210100682,4100,
210100683,4100,
210100684,4100,
210100685,4250,
210100686,4445,
210100687,4445,
210100688,4460,
210100689,4440,
210100690,4445,
210100691,4485,
210100692,4510,
210100693,4435,
210100694,4150,
210100695,4470,
210100699,4050,
210100700,4425,
210100702,4470,
210100703,4410,
210100704,4780,
210100705,4430,
210100706,4250,
210100709,4400,
210100710,4535,
210100711,4415,
210100713,4470,
210100714,4780,
210100715,4405,
210100716,4470,
210100717,4760,
210100718,4100,
210100719,4470,
210100721,4430,
210100722,4050,
210100723,4420,
210100724,4000,
210100725,4000,
210100726,4150,
210100728,4435,
210100729,4575,
210100730,4575,
210100731,4520,
210100732,4460,
210100733,4445,
210100734,4440,
210100735,4465,
210100736,4000,
210100737,4445,
210100739,2700,
210100740,2700,
210100741,4150,
210100743,4000,
210100746,1800,
210100749,4100,
210100750,4430,
210100751,4050,
210100752,4440,
210100753,4470,Coletiva/Instituição/Cantina
210100754,2765,
210100755,2765,
210100756,2765,
210100757,4100,
210100758,1000,
210100759,1000,
210100760,2765,
210100761,1000,
210100762,1000,
210100763,4200,
210100764,3800,
210100765,4050,
210100766,4150,
210100767,4150,
210100768,4400,
210100769,4400,
210100770,4400,
210100771,4405,
210100772,4450,
210100773,4420,
210100774,4400,
210100775,4400,
210100777,4400,
210100778,4150,
210100779,4470,
210100780,4000,
210100781,4475,
210100782,4100,
210100783,4400,
210100784,2900,
210100785,4150,
210100786,4475,
210100787,4785,
210100788,4500,
210100789,4400,
210100790,4400,
210100791,4049,
210100792,4450,
210100793,4470,
210100794,4000,
210100795,4470,
210100796,4435,
210100797,4470,
210100798,4445,
210100799,4425,
210100800,4450,
210100801,4490,
210100802,4430,
210100803,1200,
210100805,4400,
210100806,4350,
210100807,4405,
210100808,4465,
210100809,4050,
210100810,4405,
210100811,4470,
210100813,4500,
210100814,4445,
210100815,1000,
210100816,2799,
210100817,3810,
210100818,1000,
210100819,1000,
210100820,1000,
210100821,1000,
210100822,1000,
210100823,1000,
210100824,1000,
210100825,1000,
210100826,1000,
210100827,1000,
210100828,1000,
210100829,1000,
210100830,1000,
210100831,1000,
210100832,4490,
210100833,1800,
210100834,4050,
210100835,4350,
210100836,4350,
210100837,4435,
210100838,4300,
210100840,4435,
210100841,4435,
210100842,4435,
210100843,1000,
210100844,4435,
210100845,4435,
210100846,4435,
210100847,4435,
210100849,4435,
210100850,3050,
210100851,4715,
210100853,4470,
210100854,4435,
210100855,4435,
210100856,4150,
210100857,4445,
210100858,4400,
210100859,4785,
210100860,4590,
210100862,4440,
210100863,4200,
210100864,4150,
210100865,4050,
210100866,4050,
210100867,4150,
210100868,4410,
210100869,4425,
210100870,3885,
210100871,4490,
210100873,4430,
210100874,4050,
210100875,4150,
210100876,4050,
210100878,4150,
210100880,2765,
210100881,4470,
210100882,4425,
210100883,4400,
210100884,2950,
210100885,4450,
210100886,4445,
210100887,4590,
210100889,4000,
210100890,2400,
210100891,4100,
210100892,4470,
210100894,4100,
210100895,4470,
210100896,4510,
210100897,4445,
210100898,4405,
210100899,4450,
210100900,4536,
210100901,1990,
210100902,1250,
210100903,1990,
210100905,4535,
210100906,4536,
210100907,9050,
210100908,4536,
210100909,4536,
210100910,3080,
210100911,4400,
210100912,4400,
210100913,4100,
210100914,4536,
210100915,4535,
210100917,1600,
210100918,1600,
210100919,1600,
210100920,1600,
210100921,4475,
210100922,4535,
210100923,4450,
210100924,4470,
210100925,4400,
210100926,4350,
210100927,4050,
210100929,4590,
210100930,4400,Hotelaria
210100931,4000,
210100932,4350,
210100933,4425,
210100934,4465,
210100935,4435,
210100936,4575,
210100937,4100,
210100938,4430,
210100940,4405,
210100941,4405,
210100942,4455,
210100943,4455,
210100944,4455,
210100945,4405,
210100946,4415,
210100947,4400,
210100948,4470,
210100949,4300,Restaurante - Cozinha Portuguesa
210100950,3840,
210100951,4050,
210100952,4400,
210100953,4470,
210100954,4415,
210100955,4405,
210100956,4169,
210100957,4745,
210100958,4000,
210100959,4465,
210100960,4150,
210100961,4200,
210100962,4200,
210100963,4200,
210100964,4425,
210100965,4150,
210100966,4460,
210100967,4400,
210100968,4400,
210100969,4465,
210100971,4440,
210100972,4435,
210100973,4520,
210100974,4200,
210100975,4445,
210100976,4405,
210100977,4495,
210100978,4435,
210100979,4405,
210100980,4585,
210100981,4500,
210100982,1800,
210100983,4150,
210100984,4100,
210100985,4100,
210100986,4525,
210100987,3700,
210100988,4535,
210100989,4430,
210100990,3700,
210100991,4505,
210100992,4535,
210100993,4520,
210100994,4450,
210100995,4100,
210100996,4400,
210100997,4200,
210100998,4200,
210101000,4430,
210101001,4536,
210101002,4520,
210101003,4400,
210101004,4440,
210101005,1050,
210101006,4450,
210101008,4400,
210101009,4430,
210101010,4445,
210101011,4520,
210101012,4420,
210101013,4050,
210101014,4415,
210101015,4435,
210101016,4640,
210101018,4470,
210101019,1350,
210101020,4520,
210101021,2840,
210101022,4520,
210101023,4300,
210101024,1050,
210101025,4450,
210101026,4400,
210101027,4470,
210101028,4785,
210101029,4785,
210101030,4430,Restaurante - Cozinha Portuguesa
210101031,4490,
210101032,4460,
210101033,2745,
210101034,4470,
210101035,4150,
210101036,4460,
210101037,4150,
210101038,4200,
210101039,4415,
210101040,4405,
210101042,4450,
210101043,4400,
210101044,4100,
210101045,4470,
210101046,3885,
210101047,4470,
210101048,4349,
210101049,1350,
210101050,4450,
210101051,4485,
210101052,4490,
210101053,4405,
210101054,4405,
210101055,4460,
210101056,4100,
210101058,4420,
210101059,4585,
210101060,4150,
210101061,3460,
210101062,4475,
210101063,4585,
210101064,1950,
210101065,3100,
210101066,4450,
210101067,4510,
210101068,4420,
210101069,4415,
210101070,4420,
210101071,3830,
210101072,4435,
210101073,4470,
210101074,4000,
210101075,4420,
210101076,4505,
210101078,4405,
210101079,4435,
210101080,4585,
210101081,4510,
210101082,4420,
210101083,4445,
210101084,4445,
210101085,4515,
210101086,4099,
210101087,4420,
210101088,4435,
210101089,4515,
210101090,4510,
210101091,4420,
210101092,4435,
210101093,4435,
210101094,4510,
210101095,4595,
210101096,4440,
210101097,4590,
210101098,4580,
210101099,4580,
210101100,4440,
210101101,4470,
210101102,1050,
210101103,4199,
210101104,4199,
210101105,4199,
210101106,4199,
210101107,4199,
210101108,4199,
210101109,4199,
210101110,4199,
210101111,4199,
210101112,4199,
210101113,4199,
210101114,4199,
210101115,4199,
210101116,4585,
210101117,4445,
210101118,4050,
210101119,4485,
210101120,4485,
210101121,4416,
210101122,1099,
210101123,2900,
210101124,4490,
210101125,4450,
210101126,4405,
210101127,4000,
210101128,1349,
210101129,4000,
210101130,7080,
210101131,8300,
210101132,1990,
210101133,4536,
210101134,4536,
210101135,4536,
210101136,4536,
210101137,4536,
210101138,4536,
210101139,4536,
210101140,4536,
210101141,4536,
210101142,4536,
210101143,4536,
210101144,4445,
210101145,4490,
210101147,4405,
210101148,4100,
210101150,4100,
210101151,1250,
210101152,4410,
210101153,4520,
210101154,4435,
210101155,4350,
210101156,4199,
210101157,4535,
210101158,4520,
210101159,4400,
210101160,4000,
210101162,3050,
210101163,4150,
210101164,4500,
210101165,4000,
210101166,4100,
210101167,4500,
210101168,4150,
210101169,4420,
210101170,3810,
210101171,3810,
210101172,3810,
210101173,3810,
210101174,3810,
210101175,2790,
210101176,4405,
210101177,4100,
210101178,4450,
210101179,4425,
210101180,4400,
210101181,4475,
210101182,4450,
210101183,4535,
210101184,4480,
210101185,4535,
210101186,4400,
210101187,4400,
210101188,4400,
210101189,4440,
210101190,4470,
210101191,4430,
210101192,4450,
210101193,4000,
210101194,4100,
210101195,4470,
210101196,4100,
210101197,4470,
210101198,4430,
210101199,4450,
210101200,4455,
210101201,4150,
210101202,4760,
210101203,4450,
210101204,4450,
210101205,4535,
210101206,4535,
210101207,4410,
210101208,4400,
210101209,4400,
210101210,4470,
210101211,4470,
210101212,4450,
210101213,4465,
210101215,4465,Catering
210101216,4430,
210101217,4815,
210101218,4050,
210101220,4050,
210101221,4050,
210101222,4100,
210101224,4350,
210101225,4570,
210101226,4445,
210101227,4450,
210101228,4250,
210101229,4455,
210101230,4050,
210101231,4300,
210101232,4350,
210101233,4350,
210101234,4350,
210101235,4350,
210101236,4430,
210101237,4350,
210101238,4410,
210101239,3810,
210101240,3810,
210101241,3810,
210101242,4350,
210101243,4350,
210101244,4000,
210101245,4200,
210101246,4200,
210101247,4450,
210101248,4100,
210101249,4465,
210101250,4450,
210101251,4250,
210101252,4050,
210101253,4000,
210101254,4150,
210101255,4450,
210101256,4050,
210101258,4450,
210101259,4470,
210101260,4400,
210101261,4405,
210101262,4745,
210101263,4475,
210101264,4450,
210101265,4450,
210101266,4460,
210101267,4520,
210101268,4400,
210101269,4350,
210101270,4425,
210101271,4410,
210101272,4150,
210101273,4400,
210101275,4450,
210101276,4415,
210101277,4000,
210101278,4100,
210101279,3885,
210101280,4050,
210101281,4050,
210101282,4560,
210101283,4200,
210101284,4450,
210101286,4455,
210101287,4430,
210101288,4400,
210101289,4000,
210101291,4510,
210101292,4250,
210101293,4535,
210101294,4460,
210101295,4490,
210101296,4460,
210101297,4470,
210101298,4510,
210101299,4450,
210101300,4500,
210101301,4000,
210101302,4100,
210101303,4450,
210101304,4100,
210101305,4470,
210101307,4495,
210101308,4435,
210101309,4100,
210101310,4000,
210101311,4050,
210101312,4250,
210101313,3880,
210101314,4100,
210101315,4150,
210101316,4515,
210101317,3830,
210101318,4450,
210101319,4050,
210101321,4420,
210101322,4450,
210101323,4405,
210101324,4470,
210101325,4470,
210101326,4050,
210101327,4440,
210101328,4470,
210101329,4420,
210101330,4420,
210101331,4350,
210101332,4450,
210101334,4510,
210101335,4510,
210101336,4420,
210101337,4450,
210101338,4435,
210101339,4420,
210101340,4435,
210101341,4515,
210101343,4435,
210101344,4465,
210101345,4000,
210101347,4430,
210101348,4470,
210101349,4050,
210101350,4515,
210101351,4515,
210101352,4740,
210101353,4480,
210101354,4430,
210101355,4510,
210101356,4450,
210101357,4785,
210101358,3720,
210101359,4100,
210101360,4050,
210101361,4500,
210101362,4050,
210101363,4410,
210101364,4500,
210101365,1249,
210101366,4000,
210101367,4650,
210101368,4050,
210101369,4410,
210101370,4405,
210101371,4100,
210101372,4760,
210101373,4536,
210101374,4536,
210101375,1990,
210101376,1990,
210101377,1990,
210101378,4400,
210101379,4000,
210101380,4000,
210101381,4000,
210101382,4535,
210101383,5085,
210101384,7300,
210101385,4400,
210101386,4400,
210101387,4440,
210101389,4410,
210101390,1495,
210101391,4536,
210101392,4535,
210101393,4200,
210101394,2795,
210101396,4000,
210101397,4420,
210101398,4435,
210101399,4745,
210101400,4200,
210101401,4450,
210101402,4470,
210101403,4300,
210101404,4100,
210101405,4050,
210101406,4000,
210101407,4300,
210101408,4000,
210101409,4150,
210101410,4000,
210101411,4000,
210101412,4000,
210101413,4050,
210101414,4100,
210101415,4050,
210101416,4050,
210101417,4450,
210101418,4450,
210101419,4404,
210101420,4000,
210101421,4455,
210101422,4400,
210101423,1495,
210101424,1250,
210101425,1250,
210101426,1250,
210101427,1250,
210101428,4150,
210101429,4490,
210101430,4470,
210101431,4250,
210101432,4415,
210101433,4410,
210101434,4400,
210101435,4780,
210101436,4740,
210101437,4515,
210101438,4150,
210101439,4536,
210101440,4536,
210101441,4465,
210101442,4400,
210101444,4050,
210101445,4000,
210101446,4405,
210101447,4760,
210101448,4515,
210101449,4200,
210101450,4100,
210101451,4415,
210101452,4465,
210101453,4435,
210101454,4300,
210101455,4000,
210101456,4300,
210101457,4350,
210101458,4300,
210101459,4200,
210101460,4200,
210101461,4000,
210101462,4050,
210101463,4100,
210101464,4100,
210101465,4100,
210101466,4050,
210101467,4100,
210101468,4150,
210101469,4150,
210101471,4405,
210101472,4150,
210101473,4100,
210101474,4445,
210101475,4250,
210101477,4455,
210101478,4100,
210101479,4100,
210101480,4150,
210101481,4400,
210101482,4150,
210101483,4785,
210101484,4200,
210101485,4149,
210101486,4050,
210101487,4050,
210101489,4000,
210101490,4100,
210101491,4400,
210101492,4410,
210101493,4490,
210101494,4740,
210101495,4455,
210101496,4149,
210101497,4490,
210101498,4760,
210101499,4050,
210101500,4435,
210101501,4420,
210101503,4050,
210101504,4050,
210101505,4050,
210101506,4050,
210101507,4050,
210101508,4050,
210101509,4520,
210101510,4460,
210101511,4404,
210101512,4435,
210101513,4000,
210101514,4050,
210101515,4050,
210101516,4400,
210101517,4515,
210101519,4200,
210101520,4785,
210101522,4150,
210101524,4200,
210101525,4100,
210101526,4430,
210101527,4460,
210101528,4200,Coletiva/Instituição/Cantina
210101530,4100,
210101531,4400,
210101532,4150,
210101533,4400,
210101535,4050,
210101536,4150,
210101537,4425,
210101538,4425,
210101540,3830,
210101541,4350,
210101542,3830,
210101543,4445,
210101544,4150,
210101545,2700,
210101546,4000,
210101547,4050,
210101548,4400,
210101549,4000,
210101551,4150,
210101552,4150,
210101553,4420,
210101554,4435,
210101555,4050,
210101557,4510,
210101558,4510,
210101559,4510,
210101560,4050,
210101561,4150,
210101562,4150,
210101564,4050,
210101565,4150,
210101566,4200,
210101567,4200,
210101568,4200,
210101569,4460,
210101570,4050,
210101571,4050,
210101572,4785,
210101573,4455,
210101575,4450,
210101576,4440,
210101577,4470,
210101578,4050,
210101579,4470,
210101580,4450,
210101581,4470,
210101582,4430,
210101583,1249,
210101584,4590,
210101585,4000,
210101586,1000,
210101587,4150,
210101589,4480,
210101590,4590,
210101591,4430,
210101592,4430,
210101593,4400,
210101594,4400,
210101595,4400,
210101596,4400,
210101597,4535,
210101598,4536,
210101599,4536,
210101600,4536,
210101601,4536,
210101602,4536,
210101603,4536,
210101604,4000,
210101605,4400,
210101606,4350,
210101607,4440,
210101608,4600,
210101609,4350,
210101610,4350,
210101611,4350,
210101612,4350,
210101613,4400,
210101614,4536,
210101615,4435,
210101616,4250,
210101617,4100,
210101618,4536,
210101619,4745,
210101620,4740,
210101621,4740,
210101623,4740,
210101624,4445,
210101625,4300,
210101626,4100,
210101627,4420,
210101630,4000,
210101631,4250,
210101633,4470,
210101634,4300,
210101635,4200,
210101637,4000,
210101638,4200,
210101639,4150,
210101640,4100,
210101641,4050,
210101643,4150,
210101645,4100,
210101646,4450,
210101647,4455,
210101648,4100,
210101649,4455,
210101650,4450,
210101651,4450,
210101652,4250,
210101653,4050,
210101654,4425,
210101655,4425,
210101656,4000,
210101657,4250,
210101658,4100,
210101660,4200,
210101661,4050,
210101662,4050,
210101663,4050,
210101664,4100,
210101665,4100,
210101667,4000,
210101670,4000,
210101671,4000,
210101672,4200,
210101674,4450,
210101675,1000,
210101676,1000,
210101677,1000,
210101680,4420,
210101682,1000,
210101683,4100,
210101684,4460,
210101685,4404,
210101686,4430,
210101687,4400,
210101688,4400,
210101689,4430,
210101690,4050,
210101691,4450,
210101692,4400,
210101693,4000,
210101694,4536,
210101695,4536,
210101696,4745,
210101697,4745,
210101698,4745,
210101699,4450,
210101700,4450,
210101702,4150,
210101703,4100,
210101704,4100,
210101705,4100,
210101706,4450,
210101708,4430,
210101709,4430,
210101710,4050,
210101711,4150,
210101712,4455,
210101713,4450,
210101714,4100,
210101715,4100,
210101716,4100,
210101717,4100,
210101718,4100,
210101719,4100,
210101720,4780,
210101721,4050,
210101722,4400,
210101723,4420,
210101724,4485,
210101725,4760,
210101726,4400,
210101727,4410,
210101728,1400,
210101729,4420,
210101730,4490,
210101731,4500,
210101732,4150,
210101733,4490,
210101734,4795,
210101736,4000,
210101737,4405,
210101738,4050,
210101739,1000,
210101740,4465,
210101741,4595,
210101742,4435,
210101743,1000,
210101744,4470,
210101745,4450,
210101747,3880,
210101748,4780,
210101749,3880,
210101750,4485,
210101751,4780,
210101752,4745,
210101753,4350,
210101754,4470,
210101755,4470,
210101756,4150,
210101757,4150,
210101758,4450,
210101759,4450,
210101760,4150,
210101761,4450,
210101762,4490,
210101763,4490,
210101764,4000,
210101765,4000,
210101766,4460,
210101767,4650,
210101768,4470,
210101769,3885,
210101770,4250,
210101771,4100,
210101772,4510,
210101773,4100,
210101775,4485,
210101776,4300,
210101777,4500,
210101778,4480,
210101780,4100,
210101781,1399,
210101782,4250,
210101783,4000,
210101785,4100,
210101786,4450,
210101787,4300,
210101788,4050,
210101789,4455,
210101790,4100,
210101792,4150,
210101793,1250,
210101794,4150,
210101795,4100,
210101796,4450,
210101797,4050,
210101798,4050,
210101799,4490,
210101800,4850,
210101801,4485,
210101802,4930,
210101803,4510,
210101804,4415,Restaurante - Cozinha Portuguesa
210101805,4450,
210101806,4100,
210101807,4450,
210101808,4930,
210101809,4451,
210101810,4520,
210101811,4000,
210101812,4400,
210101813,4430,
210101814,4785,
210101815,4480,
210101816,4149,
210101819,4150,
210101820,1200,
210101823,4430,
210101824,4405,
210101825,4430,
210101826,4780,
210101827,3870,
210101828,4000,
210101829,4785,
210101830,4520,
210101831,4470,
210101832,4415,
210101833,4430,
210101834,4760,
210101835,4100,
210101836,4480,
210101837,3880,
210101838,4430,
210101839,4100,
210101840,4560,
210101841,4460,
210101842,4740,
210101844,4435,
210101845,4405,
210101846,4435,
210101847,4150,
210101848,4150,
210101849,4100,
210101850,4430,
210101852,3885,
210101853,4100,
210101854,4050,
210101855,4785,
210101856,4100,
210101857,4000,
210101858,4000,
210101860,4485,
210101861,4480,
210101862,4450,
210101863,4400,
210101864,3700,
210101865,3700,
210101866,3700,
210101869,3700,
210101870,3700,
210101871,3700,
210101872,4050,
210101874,4485,
210101875,4740,
210101876,3700,
210101877,4460,
210101878,4435,
210101879,4405,
210101880,4350,
210101881,4350,
210101882,4200,
210101883,4450,
210101884,1099,
210101885,4200,
210101886,4760,
210101887,4460,
210101888,4000,
210101889,4740,
210101890,4150,
210101894,4000,
210101895,4535,
210101896,4000,
210101897,1675,
210101900,4435,
210101901,4250,
210101902,4100,
210101903,4100,
210101905,4350,
210101906,4450,
210101908,4050,
210101909,4770,
210101910,4450,
210101911,4510,
210101912,4536,
210101913,4536,
210101914,4400,
210101915,4435,
210101916,4300,
210101917,4585,
210101918,4400,
210101919,4050,
210101920,4150,
210101921,4250,
210101922,1000,
210101926,4050,
210101927,1000,
210101928,4150,
210101929,4460,
210101930,4050,
210101931,4760,
210101932,1070,
210101933,4455,
210101934,4400,
210101935,4470,
210101936,4000,
210101937,4000,
210101938,4000,
210101939,4050,
210101940,4350,
210101941,4100,
210101942,4420,
210101943,4460,
210101945,4470,
210101947,4620,
210101948,4450,
210101949,4785,
210101950,4000,
210101951,4415,
210101952,4200,
210101953,4400,
210101954,3810,
210101956,4100,
210101957,4200,
210101958,4445,
210101959,4515,
210101960,4450,
210101962,4349,
210101964,4450,
210101965,4430,
210101966,4465,
210101968,4430,
210101969,4150,
210101970,1400,
210101971,4430,
210101972,1349,
210101973,4450,
210101975,4490,
210101976,4100,
210101977,4465,
210101978,4100,
210101979,4200,
210101982,4200,
210101983,4490,
210101984,4000,
210101985,4490,
210101986,4100,
210101987,4465,
210101988,4150,
210101989,1000,
210101990,1000,
210101991,1000,
210101992,1000,
210101993,1000,
210101994,1000,
210101995,1000,
210101996,4050,
210101997,4420,
210101998,4480,
210101999,4810,
210102000,4760,
210102003,4415,
210102004,4490,
210102005,4490,
210102006,4150,
210102007,4000,
210102008,2660,
210102009,2660,
210102010,4455,
210102011,4420,
210102012,4400,
210102015,4490,
210102016,4455,
210102017,4405,
210102018,4570,
210102019,4405,
210102020,4490,
210102021,4100,
210102022,4520,
210102023,4480,
210102024,4100,
210102025,4536,
210102026,4490,
210102027,4000,
210102028,4520,
210102029,4350,
210102030,4100,
210102031,9700,
210102032,4435,
210102033,1749,
210102034,1749,
210102035,4200,
210102036,4050,
210102037,4520,
210102038,4435,
210102039,4150,
210102040,4460,
210102041,4100,
210102043,4000,
210102044,1800,
210102045,4400,
210102046,4760,
210102048,4050,
210102049,4450,
210102050,4050,
210102051,4100,
210102052,4400,
210102053,4450,
210102054,4150,
210102055,4420,
210102056,4450,
210102057,4450,
210102061,4450,
210102062,4450,
210102064,4450,
210102066,4450,
210102068,2660,
210102069,4450,
210102070,4150,
210102071,4150,
210102072,4450,
210102073,4250,
210102077,4450,
210102078,4450,
210102079,4430,
210102080,4300,
210102081,4450,
210102082,4250,
210102083,4350,
210102084,4000,
210102085,4050,
210102086,4410,
210102087,1900,
210102088,4000,
210102089,4460,
210102090,4460,
210102091,4460,
210102092,4350,
210102093,4450,
210102094,4450,
210102095,3720,
210102096,4050,
210102098,1000,
210102099,1000,
210102100,4100,
210102101,4425,
210102102,4425,
210102105,4535,
210102106,4425,
210102109,4415,
210102110,4485,
210102111,4485,
210102112,4485,
210102113,4485,
210102114,4490,
210102115,4415,
210102117,4100,
210102118,4400,
210102119,4050,
210102121,4485,
210102122,4050,
210102124,4455,
210102125,3880,
210102126,4200,
210102127,4000,
210102128,4400,
210102129,1700,
210102130,1700,
210102131,4149,
210102132,4480,
210102133,4430,
210102134,4430,
210102136,4405,
210102137,4150,
210102140,4050,
210102141,4490,
210102142,4350,
210102143,4350,
210102144,1700,
210102145,4435,
210102146,4470,
210102147,4150,
210102148,4350,
210102149,4350,
210102150,4169,
210102151,4560,
210102152,4455,
210102153,4560,
210102154,4560,
210102155,4935,
210102156,4560,
210102157,4560,
210102158,4560,
210102159,4560,
210102160,4560,
210102161,4560,
210102162,4560,
210102163,4560,
210102164,4560,
210102165,4560,
210102166,4560,
210102167,4760,
210102169,1000,
210102171,4000,
210102172,4445,
210102173,4430,
210102174,4150,
210102176,4455,
210102177,4460,
210102179,1200,
210102180,1200,
210102181,4410,
210102182,4560,
210102183,4560,
210102184,4536,
210102185,4400,
210102186,4450,
210102187,3880,
210102188,4536,
210102190,4825,
210102191,4536,
210102192,4536,
210102193,4350,
210102194,4405,
210102195,4450,
210102197,4400,
210102198,4050,
210102199,4150,
210102200,4575,
210102201,4520,
210102202,4470,
210102203,4470,
210102204,4470,
210102205,4520,
210102206,4760,
210102207,4400,
210102208,4430,
210102209,4050,
210102210,4455,
210102211,4200,
210102212,4400,
210102213,4430,
210102214,4450,
210102215,4435,
210102216,4400,
210102218,6270,
210102219,4050,
210102220,4485,
210102221,4350,
210102222,4000,
210102223,4150,
210102224,1600,
210102226,1050,
210102227,4500,
210102228,4300,Hotelaria
210102229,4050,
210102230,4405,
210102231,4405,
210102232,4050,
210102233,4100,
210102234,4780,
210102235,1990,
210102237,4169,
210102238,4200,
210102239,4149,
210102240,4445,
210102241,4510,
210102242,4430,
210102243,4445,
210102244,4490,
210102245,4490,
210102246,4560,
210102247,4560,
210102250,4400,
210102251,4400,
210102254,4490,
210102256,4470,
210102257,4450,
210102258,4500,
210102260,4450,
210102261,4425,
210102262,4400,
210102263,4470,
210102264,4490,
210102265,4450,
210102266,4476,
210102267,4450,
210102268,4420,
210102269,4485,
210102270,4515,
210102271,4400,
210102272,4400,
210102273,4415,
210102274,4415,
210102275,4620,
210102276,4620,
210102277,4620,
210102278,4620,
210102279,4620,
210102280,4620,
210102281,4620,
210102282,4620,
210102283,4620,
210102284,4620,
210102285,4620,
210102286,4620,
210102287,4620,
210102288,4620,
210102289,4620,
210102290,4620,
210102291,4620,
210102292,4620,
210102293,4620,
210102294,4620,
210102295,4620,
210102296,4620,
210102297,4620,
210102298,4620,
210102299,4620,
210102300,4620,
210102301,4620,
210102302,4620,
210102303,4620,
210102304,4620,
210102305,4000,
210102306,4620,
210102307,4620,
210102308,4620,
210102309,4100,
210102311,4150,
210102312,4480,
210102313,4450,
210102314,4460,
210102315,4480,
210102316,4050,
210102317,4465,
210102318,4620,
210102319,4440,
210102320,4369,
210102321,4150,
210102322,4100,
210102324,4470,
210102325,4590,
210102327,4150,
210102328,4490,
210102329,4050,
210102330,4450,
210102331,4250,
210102332,4430,
210102333,4000,
210102334,1749,
210102335,4450,
210102336,4480,
210102337,4480,
210102338,4400,
210102339,4430,
210102340,4450,
210102341,4480,
210102342,4200,
210102343,4490,
210102344,4300,
210102345,4150,
210102346,4250,
210102347,4200,
210102348,4465,
210102349,4490,
210102350,4740,
210102351,4760,
210102352,4745,
210102353,4250,
210102354,4500,
210102355,4620,
210102356,4500,
210102357,4200,
210102358,4445,
210102360,4490,
210102361,4490,
210102362,4150,
210102364,4000,
210102365,3880,
210102366,4450,
210102367,4150,
210102368,4250,
210102369,4810,
210102370,4450,
210102372,4200,
210102373,4050,
210102374,4050,
210102375,4050,
210102376,4050,
210102377,4169,
210102378,4050,
210102379,4050,
210102380,4150,
210102381,4000,
210102382,4450,
210102383,4450,
210102385,4490,
210102386,4450,
210102387,4450,
210102388,4470,
210102389,1249,
210102390,4100,
210102391,4000,
210102393,4150,
210102394,4150,
210102395,4450,
210102396,4200,
210102397,4150,
210102398,4050,
210102399,4150,
210102400,4480,
210102403,4400,
210102404,4000,
210102405,4050,
210102407,4350,
210102408,4450,
210102409,3080,
210102410,4490,
210102411,4050,
210102412,4000,
210102415,4050,
210102416,4150,
210102417,4250,
210102418,4760,
210102419,4535,
210102420,4000,
210102421,4400,
210102422,4450,
210102423,4480,
210102424,4000,
210102425,4200,
210102426,4490,
210102427,4450,
210102428,4450,
210102429,4050,
210102430,1000,
210102431,4810,
210102432,4810,
210102433,4420,
210102434,4150,
210102435,4050,
210102436,4050,
210102437,4450,
210102438,4430,
210102439,4150,
210102440,4200,
210102442,7370,
210102443,4455,
210102444,4050,
210102445,4150,
210102446,4150,
210102447,4450,
210102448,4450,
210102449,4450,
210102451,4465,
210102452,4560,
210102453,4490,
210102454,4450,
210102455,4150,
210102456,4100,
210102457,4100,
210102458,4445,
210102459,4420,
210102460,4000,
210102464,4440,
210102465,1950,
210102466,4430,
210102467,4404,
210102468,4465,
210102469,4475,
210102470,4470,
210102471,4150,
210102473,4050,
210102474,4050,
210102475,4050,
210102476,4350,
210102478,4745,
210102479,1750,
210102480,4470,Café/Pastelaria
210102481,4150,
210102483,4100,
210102485,4450,
210102486,4470,
210102487,4150,
210102489,4000,
210102490,4470,
210102491,4460,
210102492,4150,
210102493,4536,
210102494,4050,
210102495,4150,
210102496,4150,
210102497,4100,
210102498,4475,
210102499,9950,
210102500,4400,
210102501,4745,
210102502,4350,
210102503,4149,
210102504,4760,
210102505,4430,
210102506,4470,
210102507,4470,
210102508,4050,
210102509,1249,
210102510,4485,
210102511,4430,
210102512,4785,
210102513,4480,
210102514,4000,
210102515,4405,
210102516,4474,
210102518,4400,
210102519,4500,
210102520,4050,
210102521,4200,
210102522,4500,
210102525,4510,
210102526,4740,
210102527,4500,
210102528,4400,
210102529,4050,
210102530,1750,
210102531,4000,
210102532,1100,
210102533,1100,
210102534,1100,
210102535,1100,
210102536,1100,
210102537,1100,
210102538,1100,
210102539,1100,
210102540,1100,
210102541,1100,
210102542,4450,
210102544,4610,
210102547,4610,
210102548,4815,
210102549,4460,
210102550,4435,
210102551,4510,
210102552,4100,
210102553,4400,
210102554,4740,
210102555,4410,
210102556,4050,
210102557,3885,
210102558,4400,
210102559,4100,
210102560,4050,
210102561,4450,
210102562,4200,
210102563,4450,
210102564,1200,
210102565,4450,
210102566,4100,
210102567,4470,
210102568,4460,
210102569,4450,
210102570,4050,
210102571,4000,
210102574,4450,
210102578,1000,
210102579,4150,
210102580,4466,
210102581,4050,
210102583,4000,
210102584,4460,
210102585,4450,
210102586,4200,
210102587,4100,
210102588,4100,
210102589,4435,
210102590,4200,
210102591,4475,
210102592,4465,
210102593,4535,
210102594,4500,
210102595,4050,
210102596,4050,
210102597,4050,
210102598,4050,
210102599,4050,
210102601,4050,
210102602,4050,
210102603,4050,
210102604,4050,
210102605,4000,
210102606,4590,
210102607,4050,
210102608,4935,
210102609,4490,
210102610,4575,
210102611,4485,
210102612,4150,
210102613,4700,
210102614,4100,
210102615,4050,
210102616,4450,
210102617,4740,
210102619,4350,
210102622,4505,
210102623,4200,
210102625,4450,
210102626,4430,
210102628,4785,
210102629,4500,
210102630,3810,
210102631,4050,
210102633,4430,
210102634,4430,
210102636,1749,
210102637,4485,
210102640,4415,
210102643,1749,
210102644,4465,
210102645,4200,
210102646,4150,
210102647,4485,
210102649,4050,
210102650,4450,
210102651,4050,
210102652,4050,
210102653,4100,
210102654,4400,
210102655,4405,
210102657,4600,
210102658,4000,
210102659,4400,
210102660,4250,
210102661,4250,
210102662,4250,
210102663,4250,
210102664,4450,
210102666,4450,
210102667,4000,
210102668,4460,
210102669,4150,
210102670,4150,
210102671,4475,
210102673,4400,
210102674,4450,
210102675,4100,
210102676,4490,
210102677,4420,
210102678,4770,
210102679,4410,
210102680,4150,
210102683,4455,
210102684,4350,
210102685,4450,
210102686,4455,
210102687,4470,
210102688,4500,
210102690,4100,
210102691,4000,
210102692,4050,
210102693,4400,
210102694,4050,
210102695,4450,
210102696,4450,
210102697,4485,
210102698,4450,
210102701,4460,
210102703,4400,
210102704,4470,
210102705,1300,
210102706,3885,
210102708,4760,
210102709,4150,
210102711,4415,
210102712,4415,
210102713,4505,
210102714,4440,
210102715,4430,
210102716,4485,
210102717,4450,
210102718,4050,
210102719,4050,
210102720,4050,
210102721,4050,
210102722,4050,
210102723,4050,
210102725,1250,
210102726,4460,
210102727,4450,
210102728,4610,
210102729,4610,
210102730,4610,
210102731,4610,
210102732,4610,
210102733,4610,
210102734,4610,
210102735,4610,
210102736,4610,
210102738,4100,
210102739,4400,
210102740,4585,
210102741,4430,
210102742,4430,
210102744,4480,
210102745,1349,
210102748,4000,
210102749,4450,
210102751,4760,
210102752,4435,
210102753,4000,
210102754,4460,
210102755,4150,
210102756,4200,
210102759,4490,
210102762,4455,
210102763,4465,
210102764,4250,
210102765,4405,
210102766,4435,
210102768,4740,
210102769,4400,
210102772,4455,
210102773,4150,
210102774,4405,
210102775,4050,
210102776,4485,
210102777,4485,
210102778,4485,
210102779,4050,
210102781,4765,
210102782,4765,
210102783,4199,
210102784,4420,
210102785,4050,
210102788,4200,
210102789,4430,
210102792,4450,
210102793,4430,
210102796,4250,
210102797,4485,
210102798,4825,
210102800,4420,
210102801,4050,
210102802,4430,
210102803,4435,
210102804,4450,
210102805,4470,
210102806,4050,
210102807,4455,
210102808,4740,
210102810,4050,
210102813,4050,
210102814,4050,Coletiva/Instituição/Cantina
210102815,4450,
210102817,4150,
210102818,4760,
210102819,4200,
210102820,4000,
210102821,4760,
210102822,4485,
210102823,4050,
210102824,4455,
210102825,4430,
210102826,4050,
210102827,4480,
210102829,4250,
210102831,4485,
210102832,4455,
210102833,4470,
210102834,4450,
210102836,4751,
210102838,2500,
210102842,4450,
210102843,4470,
210102844,4050,
210102845,4435,
210102846,2840,
210102847,4470,
210102849,4415,
210102850,4585,
210102851,3885,
210102852,4000,
210102854,4520,
210102856,4450,
210102857,4400,
210102858,4460,
210102859,4150,
210102860,4510,
210102863,4560,
210102864,4470,
210102865,4560,
210102869,4050,
210102871,4430,
210102872,4249,
210102874,4520,
210102875,3700,
210102877,4785,
210102878,4455,
210102879,4560,
210102880,4785,
210102881,3800,
210102882,3830,
210102883,3850,
210102884,3810,
210102885,3830,
210102886,4435,
210102887,4415,
210102890,3700,
210102891,4420,
210102892,4400,
210102893,4435,
210102895,4470,
210102896,4050,
210102897,4000,
210102898,4740,
210102899,4470,
210102900,3880,
210102901,3880,
210102902,4150,
210102905,4050,
210102906,4050,
210102907,4505,
210102908,4150,
210102909,4050,
210102910,4470,
210102911,4470,
210102912,4470,
210102914,4520,
210102915,4520,
210102916,4435,
210102917,4050,
210102918,4050,
210102919,4050,
210102920,4510,
210102921,4050,
210102922,4435,
210102923,4500,
210102924,4404,
210102926,4480,
210102927,4580,
210102928,3720,
210102929,4505,
210102930,4445,
210102931,4050,
210102932,4815,
210102933,4250,
210102934,4405,
210102935,4425,
210102936,3700,
210102937,4505,
210102940,4585,
210102941,4470,
210102942,4560,
210102943,4150,
210102944,4460,Restaurante - Japonês
210102945,4000,
210102946,4435,
210102948,4430,
210102949,4450,
210102950,4480,
210102951,4100,
210102952,4000,
210102953,4200,
210102954,3880,
210102955,4500,
210102957,4520,
210102958,4490,
210102959,4740,
210102960,4250,
210102961,4250,
210102962,4050,
210102963,4470,
210102964,4580,
210102969,4400,
210102970,4520,
210102971,4470,
210102972,3700,
210102974,4535,
210102976,4100,
210102977,4000,
210102978,4150,
210102980,4100,
210102982,4430,
210102983,4410,
210102984,4300,
210102985,4560,
210102986,4050,
210102987,4515,
210102988,4400,
210102989,4435,
210102990,4435,
210102991,4400,
210102994,3700,
210102995,4435,
210102996,4490,
210102997,4250,
210102998,4000,
210102999,4470,
210103000,4050,
210103001,4465,
210103002,4455,
210103003,4470,
210103004,4405,
210103005,4400,Café/Pastelaria
210103006,4740,
210103007,3700,
210103008,4400,
210103009,4425,
210103010,4445,
210103011,4475,
210103012,4470,
210103013,4050,
210103014,4050,
210103016,4450,
210103017,4465,
210103018,4465,
210103019,4430,
210103020,4100,
210103021,4100,
210103026,4150,
210103027,4445,
210103028,4585,
210103029,4425,
210103030,4150,
210103031,4485,Catering
210103034,4400,
210103035,4400,
210103036,4400,
210103038,4400,
210103040,4470,
210103042,4050,
210103043,4050,
210103044,4590,
210103047,4150,
210103048,3700,
210103049,4730,
210103052,4420,
210103053,4100,
210103054,4000,
210103055,4100,
210103057,3700,
210103058,4050,
210103059,4785,
210103061,4470,
210103062,4490,
210103063,4050,
210103064,4460,
210103065,4404,
210103066,4490,
210103067,4490,
210103068,4435,
210103069,4050,
210103070,4470,
210103071,4050,
210103072,4505,
210103073,4405,
210103074,4410,
210103075,4400,
210103076,4520,
210103077,4400,
210103078,4250,
210103079,4250,
210103080,4100,
210103081,3850,
210103082,4000,
210103083,4200,
210103084,4300,
210103085,4560,
210103086,4455,
210103087,4590,
210103088,4100,
210103089,4400,
210103090,4150,
210103091,4475,
210103092,4430,
210103093,4100,
210103094,4000,
210103095,4150,
210103097,4465,Hotelaria
210103098,4465,Hotelaria
210103099,4465,Hotelaria
210103100,4465,Hotelaria
210103101,4000,
210103103,4200,
210103104,4050,
210103105,4150,
210103106,4000,Catering
210103108,4435,
210103109,4050,
210103110,4000,
210103111,4050,
210103112,4470,
210103113,4620,
210103115,4150,
210103117,4300,
210103118,4500,
210103119,4450,
210103120,4000,
210103122,4000,
210103123,4404,
210103124,4445,
210103125,4415,Coletiva/Instituição/Cantina
210103128,4445,
210103130,4445,
210103131,4460,
210103132,4475,
210103133,4780,
210103136,4400,
210103137,4100,
210103138,4450,
210103139,3000,
210103147,4050,
210103148,4050,
210103149,4050,
210103150,4050,
210103151,4050,
210103152,4050,
210103153,4050,
210103154,4050,
210103155,4050,
210103156,4050,
210103157,4050,
210103158,4050,
210103159,4050,
210103160,4050,
210103161,4050,
210103162,4050,
210103167,4050,
210103168,4050,
210103169,4050,
210103170,4050,
210103171,4050,
210103172,4050,
210103173,4050,
210103174,4050,
210103176,4050,
210103177,4050,
210103179,4050,
210103181,4050,
210103182,4050,
210103183,4050,
210103187,4050,
210103189,4050,
210103190,4050,
210103191,4050,
210103192,4050,
210103193,4050,
210103194,4050,
210103195,4050,
210103196,4050,
210103197,4050,
210103198,4050,
210103199,4050,
210103200,4050,
210103201,4050,
210103202,4050,
210103204,4050,
210103205,4050,
210103207,4050,
210103208,4050,
210103209,4050,
210103210,4420,
210103211,4450,
210103212,4050,
210103213,4000,
210103215,4415,
210103216,4250,
210103217,4404,
210103218,4050,
210103219,4050,
210103220,4780,
210103221,4535,
210103222,4470,
210103223,4420,
210103224,4490,
210103225,4300,
210103226,4400,
210103227,4520,
210103228,4050,
210103229,4430,
210103230,4405,
210103232,4480,
210103233,4050,
210103234,4445,
210103235,4200,
210103236,4200,
210103237,4400,
210103238,4490,
210103239,4410,
210103240,4460,
210103241,4050,
210103242,4000,
210103243,4430,
210103244,4150,
210103245,4250,
210103246,4450,
210103247,4460,
210103248,4450,
210103250,4420,
210103251,4000,
210103252,4470,
210103253,4570,
210103254,4570,
210103256,4150,
210103257,5100,
210103258,4100,
210103259,4100,
210103260,4450,
210103261,4000,
210103262,4760,
210103264,4050,
210103265,4100,
210103266,4450,
210103267,4100,
210103268,4050,
210103269,4430,
210103271,4480,
210103272,4480,
210103273,4100,
210103274,4405,
210103275,4000,
210103276,5100,
210103277,4000,
210103278,4760,
210103279,4785,
210103280,4150,
210103281,4350,
210103282,4450,
210103284,4050,
210103285,4100,
210103287,4525,
210103288,4400,
210103289,4795,
210103290,4745,
210103291,4400,
210103292,4755,
210103293,4760,
210103296,4250,
210103297,4050,
210103298,4050,
210103299,4050,
210103300,4480,
210103302,4150,
210103303,4430,
210103304,4050,
210103305,4050,
210103307,4050,
210103308,4400,
210103309,4470,
210103310,4470,
210103311,4470,
210103312,4470,
210103313,4470,
210103314,4470,
210103315,4200,
210103317,4440,
210103318,4710,
210103319,4100,
210103320,4450,
210103321,4450,
210103322,4450,
210103323,4450,
210103324,4430,
210103326,4200,
210103328,4430,
210103329,4435,
210103330,4150,
210103331,4000,
210103332,4450,
210103333,3700,
210103334,4450,
210103335,4050,
210103336,4250,
210103337,4435,
210103338,4000,
210103339,4620,
210103340,4400,
210103342,4430,
210103343,4485,
210103344,4455,
210103345,4480,
210103346,4485,
210103347,4000,
210103348,4450,
210103349,4455,
210103350,4465,
210103351,4455,
210103352,4200,
210103354,4400,
210103355,4430,
210103358,4100,
210103359,4000,
210103362,4050,
210103365,4050,
210103368,4050,
210103370,4050,
210103371,4050,
210103372,4050,
210103373,4050,
210103374,4100,
210103375,4450,
210103376,4150,
210103377,4050,
210103378,4050,
210103379,4050,
210103382,4050,
210103383,4050,
210103384,4050,
210103385,4050,
210103386,4050,
210103387,4050,
210103388,4050,
210103389,4050,
210103390,4050,
210103391,4050,
210103393,4050,
210103394,4050,
210103395,4050,
210103397,4050,
210103398,4050,
210103399,4050,
210103400,4050,
210103404,4050,
210103405,4050,
210103407,4050,
210103408,4050,Restaurante - Cozinha Portuguesa
210103409,4050,
210103410,4050,Restaurante - Cozinha Portuguesa
210103411,4050,
210103412,4050,
210103413,4050,
210103414,4050,
210103415,4050,
210103416,4050,
210103417,4050,
210103418,4050,
210103419,4050,
210103420,4050,
210103424,4050,
210103426,4050,
210103427,4050,
210103428,4050,
210103429,4050,
210103430,4050,
210103431,4050,
210103432,4050,
210103433,4050,
210103434,4050,
210103435,4050,
210103436,4050,
210103437,4050,
210103438,4050,
210103439,4050,
210103440,4000,
210103441,4050,
210103443,4000,
210103444,4050,
210103445,4100,
210103446,4500,
210103447,4050,
210103448,4150,
210103449,4100,
210103450,4000,
210103451,4000,
210103453,4470,
210103454,4200,
210103455,4000,
210103456,4200,
210103457,4000,
210103458,4000,
210103459,4000,
210103460,4000,
210103462,4150,
210103464,4400,
210103465,4400,
210103466,4460,
210103467,4100,
210103468,4100,
210103469,4490,
210103470,4050,
210103471,4050,
210103472,4050,
210103473,4050,
210103474,4050,
210103475,4050,
210103476,4050,
210103477,4050,
210103478,4050,
210103479,4050,
210103480,4050,
210103481,4050,
210103482,4050,
210103483,4050,
210103484,4050,
210103485,4050,
210103486,4050,
210103487,4050,
210103489,4050,
210103490,4050,
210103491,4050,
210103492,4050,
210103493,4050,
210103494,4050,
210103495,4050,
210103496,4050,
210103498,4050,
210103499,4050,
210103500,4050,
210103501,4050,
210103502,4050,
210103503,4000,
210103504,4250,
210103506,4150,
210103507,4200,
210103508,4580,Coletiva/Instituição/Cantina
210103510,4050,
210103511,4150,
210103512,4425,
210103513,4050,
210103515,4100,
210103516,4050,
210103517,4505,
210103518,4000,
210103519,4150,
210103520,4740,
210103521,4250,
210103522,4520,
210103523,4450,
210103524,4450,
210103525,4430,
210103527,4485,
210103528,4490,
210103529,4400,
210103530,4400,
210103531,4470,
210103532,4050,
210103533,4430,
210103534,4435,
210103536,4200,
210103537,4490,
210103538,4455,
210103539,4450,
210103540,4485,
210103541,4050,
210103543,4100,
210103544,4200,
210103546,4400,
210103547,4050,
210103548,4100,
210103549,4500,
210103550,4100,
210103551,4100,
210103552,4050,
210103553,4100,
210103556,4450,
210103557,4050,
210103558,4404,
210103559,4700,
210103560,4400,
210103561,4050,
210103563,4505,
210103564,4050,
210103565,4450,
210103566,4400,
210103567,4400,
210103568,4150,
210103571,4000,
210103572,4000,
210103574,4150,
210103575,4404,
210103576,4520,
210103578,4100,
210103580,4100,
210103583,4050,
210103584,4100,
210103585,4050,
210103586,4000,
210103587,4435,
210103590,4050,
210103591,4480,
210103592,4430,
210103594,4050,
210103596,4430,
210103597,4430,
210103598,4150,
210103599,4435,
210103600,4200,
210103601,4505,
210103602,4435,
210103603,4450,
210103605,4505,
210103606,4415,
210103607,4100,
210103608,4445,
210103610,4740,
210103611,4520,
210103612,4490,
210103613,4480,
210103617,3700,
210103622,4420,
210103623,4490,
210103624,4490,
210103625,4490,
210103626,4490,
210103628,4490,
210103629,4470,
210103631,4100,
210103633,4535,
210103634,4430,
210103635,4050,
210103636,4250,
210103637,4050,
210103639,4050,
210103641,4480,
210103642,4490,
210103643,4450,
210103646,4050,
210103647,4050,
210103650,4050,
210103652,4780,
210103653,4000,
210103654,4400,
210103655,4400,
210103656,4400,
210103657,4400,
210103663,4050,
210103667,4050,
210103670,4050,
210103672,4050,
210103675,4050,
210103676,4050,
210103680,4050,
210103683,4050,
210103684,4535,Restaurante - Cozinha Portuguesa
210103685,4050,
210103686,4435,
210103688,4050,
210103690,4050,
210103691,4050,
210103692,4000,
210103693,4150,
210103694,4050,
210103695,4450,
210103696,4200,
210103697,4415,
210103698,4415,
210103699,4050,
210103700,4050,
210103701,4050,
210103702,5370,
210103703,4425,
210103704,4935,Hotelaria
210103705,4000,
210103709,4420,
210103710,4000,
210103711,4425,
210103712,4050,
210103713,4400,
210103714,4430,
210103716,4050,
210103717,4050,
210103718,4050,
210103719,4050,
210103720,4050,
210103721,4050,
210103722,4050,
210103723,4050,
210103724,4050,
210103725,4050,
210103726,4050,
210103727,4050,
210103728,4485,
210103729,4050,
210103730,4400,
210103731,4400,
210103733,4050,
210103734,4000,
210103735,4000,
210103736,4049,
210103737,4150,
210103740,4430,
210103741,4460,
210103742,4050,
210103743,4450,
210103745,4535,
210103746,4535,
210103749,4535,
210103750,4825,
210103752,4450,
210103753,4480,
210103754,4760,
210103755,4050,
210103756,4475,
210103759,4050,
210103760,4465,
210103761,4465,
210103762,4460,
210103763,4000,
210103764,4149,
210103765,4300,
210103766,4505,
210103767,4490,
210103768,4450,
210103769,4475,
210103772,4050,
210103773,4400,
210103774,4460,
210103775,4200,
210103777,4050,
210103779,1649,
210103782,4050,
210103784,4000,
210103785,4200,
210103786,4710,
210103787,4520,
210103788,4560,
210103789,4760,
210103790,4369,
210103791,4050,
210103793,4430,
210103794,4150,
210103795,4050,
210103797,1150,
210103799,4000,
210103800,4420,
210103802,4460,
210103803,4250,
210103806,4470,
210103807,4470,
210103808,4420,
210103809,4400,
210103810,3720,
210103811,3720,
210103812,4745,
210103813,4200,
210103814,4455,
210103815,4400,
210103817,4475,
210103818,4495,
210103820,4475,
210103821,4150,
210103822,4150,
210103823,3885,
210103825,4535,
210103826,4350,
210103827,4000,
210103829,4710,
210103831,4451,
210103832,4775,
210103833,4050,
210103834,4050,
210103837,4050,
210103838,4050,
210103839,4050,
210103840,4050,
210103841,4050,
210103842,4050,
210103843,4050,
210103844,4050,
210103850,4050,
210103851,4050,
210103852,4050,
210103853,4050,
210103854,4050,
210103855,4050,
210103856,4050,
210103857,4050,
210103858,4050,
210103859,4050,
210103860,4050,
210103861,4050,
210103862,4050,
210103863,4050,
210103864,4050,
210103865,4050,
210103866,4050,
210103871,4050,
210103872,4050,
210103873,4050,
210103874,4050,
210103875,4050,
210103876,4050,
210103877,4050,
210103884,4050,
210103885,4050,
210103886,4050,
210103890,4050,
210103891,4050,
210103892,4050,
210103893,4050,
210103894,4050,
210103895,4050,
210103896,4050,
210103897,4050,
210103898,4050,
210103900,4050,
210103904,4050,
210103905,4050,
210103906,4050,
210103911,4050,
210103917,4050,
210103921,4050,
210103924,4050,
210103925,4050,
210103926,4050,
210103927,4050,
210103928,4050,
210103929,4050,
210103932,4050,
210103933,4049,
210103934,4250,
210103935,4250,
210103938,4200,
210103939,4485,
210103940,4590,
210103941,4050,
210103942,4300,
210103943,4150,
210103945,4200,
210103946,4150,
210103947,4050,
210103948,4050,
210103949,4425,
210103955,4150,
210103956,4520,
210103957,4525,
210103958,4470,
210103959,4435,
210103961,4050,
210103962,4000,
210103963,1700,
210103964,4400,
210103966,4050,
210103967,4050,
210103968,4580,
210103970,4200,
210103971,4475,
210103972,4700,
210103974,4470,
210103975,4400,
210103976,4000,
210103977,4430,
210103978,4430,
210103979,4200,
210103980,4715,
210103981,4200,
210103982,4740,
210103983,4050,
210103984,4400,
210103985,4400,
210103987,4700,
210103988,4200,
210103989,4300,
210103992,4250,
210103994,4100,Coletiva/Instituição/Cantina
210103995,4475,
210103996,4100,
210103997,4000,
210104001,4450,
210104002,4510,
210104003,4455,
210104004,4490,
210104005,4050,
210104006,4300,
210104007,4465,
210104008,4200,
210104011,4520,
210104012,4150,
210104013,4435,
210104014,4450,
210104015,4465,
210104016,4445,
210104017,4000,
210104018,3804,
210104019,4410,
210104020,4050,
210104021,3810,
210104023,4710,
210104024,4000,
210104025,4470,Restaurante - Rodízio
210104028,4200,
210104029,4150,
210104030,4410,
210104031,4150,
210104032,4910,
210104033,4405,
210104034,4400,
210104035,4350,Coletiva/Instituição/Cantina
210104036,4510,
210104037,4435,
210104039,4435,
210104041,4465,
210104042,4350,
210104043,4410,
210104045,4460,
210104046,4785,
210104047,4300,
210104049,4450,
210104050,4454,
210104051,4100,
210104054,4775,
210104055,4050,
210104061,4710,
210104062,4710,
210104064,4450,
210104065,4450,
210104066,4410,
210104067,4450,
210104068,4580,
210104069,4550,
210104070,4485,
210104072,4150,
210104073,4590,Restaurante - Cozinha Portuguesa
210104080,4400,
210104085,4635,
210104086,4795,
210104091,4400,
210104093,4000,
210104094,4715,
210104095,4150,
210104097,4580,
210104098,4000,
210104100,4711,
210104101,4585,
210104102,4580,
210104103,4590,
210104105,4050,
210104106,4250,
210104107,4300,
210104108,4430,
210104109,4250,
210104110,4700,
210104111,4450,
210104115,4000,
210104116,4000,
210104117,4780,
210104120,4100,
210104123,4000,
210104124,4000,
210104127,4465,
210104128,4740,
210104129,4470,
210104130,4450,
210104131,4200,
210104132,4800,
210104133,4585,
210104136,4465,
210104137,4200,
210104138,4540,
210104139,3510,
210104140,4760,
210104142,4580,
210104145,4100,
210104146,4580,
210104147,4100,
210104148,4150,
210104149,4575,
210104150,4810,
210104152,4490,
210104153,4050,
210104154,4000,
210104155,4400,
210104158,4835,
210104161,4740,
210104166,4050,
210104174,3800,
210104181,3870,
210104183,4475,
210104184,4640,
210104192,4440,
210104193,4480,
210104194,4920,
210104197,4000,
210104198,3880,
210104201,3880,
210104202,3880,
210104203,3880,
210104204,3770,
210104205,5340,
210104207,4455,
210104208,4490,
210104209,4620,
210104210,4560,
210104212,4450,
210104215,4760,
210104216,3880,
210104217,3880,
210104218,3880,
210104219,3880,
210104220,4560,
210104222,5400,
210104223,4520,
210104224,4460,
210104227,4100,
210104229,4000,
210104230,4150,
210104231,4445,
210104233,4700,
210104234,4470,
210104236,4450,
210104237,4505,
210104238,4050,
210104242,4700,
210104243,4050,
210104244,4150,
210104245,4100,
210104247,4710,
210104249,4880,
210104250,4400,
210104251,4455,
210104258,4050,
210104259,4050,
210104262,4050,
210104267,4050,
210104271,4050,
210104272,4050,
210104274,4050,
210104275,4050,
210104278,4050,
210104279,4050,
210104282,4050,
210104284,4050,
210104288,4520,
210104290,4560,
210104292,4415,
210104293,4500,
210104294,3810,
210104295,4050,
210104297,4050,
210104298,4200,
210104300,4050,
210104301,4050,
210104302,4450,
210104303,4400,
210104305,4620,
210104306,4000,
210104307,4000,
210104308,4300,
210104309,4150,
210104318,4200,
210104320,4100,Restaurante - Cozinha Portuguesa
210104321,4580,
210104322,4050,
210104323,4970,
210104324,4400,
210104325,4780,
210104327,4450,
210104328,4450,
210104329,4050,
210104332,4470,
210104333,4445,
210104334,4050,
210104335,4760,
210104336,4050,
210104338,4200,
210104339,4445,
210104340,3810,
210104341,4000,
210104343,4425,
210104346,4000,
210104347,4150,
210104349,4050,
210104350,3885,
210104351,4740,
210104353,4450,
210104354,4460,
210104355,4250,Restaurante - Japonês
210104356,4450,
210104357,4000,
210104358,4935,
210104359,4930,
210104360,3100,
210104361,3885,
210104362,4430,
210104364,1500,
210104366,4900,
210104367,4435,
210104368,4050,
210104371,4000,
210104372,3850,
210104373,3850,
210104374,4700,
210104375,4500,
210104377,4455,
210104378,4435,
210104381,4050,
210104382,4150,
210104383,4715,
210104385,4050,
210104386,4050,
210104387,4485,
210104388,4490,
210104391,4000,
210104393,4520,
210104394,4925,
210104396,4435,
210104397,4575,
210104400,4475,
210104401,4445,
210104402,4050,
210104403,4540,
210104404,4465,
210104411,4420,
210104412,4050,
210104413,4420,
210104414,3700,
210104416,4200,
210104417,4430,
210104418,4100,
210104419,4100,
210104420,4435,
210104423,4425,
210104425,4050,
210104426,4000,
210104429,4445,
210104433,4515,
210104436,4450,
210104437,4445,
210104438,4400,
210104440,4465,
210104442,4000,
210104447,4000,
210104448,4050,
210104449,4550,
210104450,4500,
210104451,4600,
210104453,4450,
210104456,4400,
210104457,4460,
210104458,4150,
210104460,3720,
210104462,4415,
210104465,6200,
210104468,3300,
210104469,3300,
210104470,3404,
210104471,4400,
210104475,4445,
210104476,4150,
210104478,4450,
210104479,3830,
210104481,4100,
210104482,4450,
210104483,4350,
210104484,4100,
210104485,4450,
210104486,4455,
210104487,4795,
210104489,4000,
210104490,4400,
210104491,4900,
210104492,3460,
210104493,4900,
210104494,4600,
210104495,4470,
210104496,4000,
210104498,4410,
210104499,4000,
210104501,4000,
210104502,4200,
210104503,4250,
210104504,4400,
210104505,4775,
210104506,4200,
210104507,4470,
210104508,3810,
210104509,4700,
210104510,4100,
210104511,4200,
210104513,4050,
210104514,4480,
210104517,4580,
210104518,4435,
210104520,4430,
210104523,4430,
210104526,4470,
210104527,4430,
210104528,4150,
210104531,3660,
210104533,4100,
210104534,4440,
210104535,4000,
210104538,4490,
210104540,4480,
210104544,4480,
210104546,4480,
210104549,4480,
210104550,4480,
210104551,4480,
210104552,4490,
210104556,4480,
210104557,4490,
210104558,4490,
210104559,4495,
210104560,4480,
210104564,4535,
210104565,4450,
210104566,4475,
210104567,4445,
210104568,4435,
210104569,4410,
210104570,2790,
210104571,4050,
210104572,4200,
210104573,4560,
210104574,4475,
210104577,4590,
210104578,4200,
210104579,4200,
210104580,4200,
210104581,4610,
210104582,4480,
210104583,4000,
210104584,4200,
210104585,4200,
210104587,4000,
210104589,4250,
210104590,4740,
210104593,3880,
210104594,4435,
210104595,4200,
210104596,4050,
210104598,4050,
210104605,3770,
210104606,3770,
210104608,4400,
210104609,4200,
210104610,4400,
210104612,4100,
210104613,4900,
210104614,4000,
210104615,4835,
210104616,4785,
210104617,4585,
210104619,4425,
210104620,4415,
210104621,4050,
210104624,4050,
210104629,2750,
210104630,2870,
210104631,4050,
210104632,4480,
210104633,4585,
210104635,4475,
210104636,4150,
210104637,4000,
210104638,6200,
210104640,4485,
210104641,4464,
210104642,4485,
210104644,2710,
210104646,4445,
210104647,4200,
210104648,4690,
210104649,4475,
210104650,4400,
210104651,4625,
210104652,4050,
210104653,4250,
210104654,4450,
210104655,4100,
210104658,3440,
210104659,4420,
210104660,4420,
210104661,4585,
210104662,4430,
210104663,4435,
210104664,4590,
210104665,4560,
210104666,4445,
210104667,4250,
210104672,4710,
210104673,4495,
210104674,4495,
210104675,4485,
210104676,4745,
210104677,4625,
210104678,4625,
210104679,4625,
210104680,4000,
210104681,4480,
210104682,4200,
210104683,3500,
210104687,4520,
210104689,4475,
210104690,4590,
210104691,4435,
210104692,4475,
210104693,4745,
210104694,4200,
210104695,3840,
210104699,4050,
210104703,4430,
210104704,4100,
210104705,4595,
210104706,4300,
210104707,4350,
210104708,4050,
210104709,4050,
210104710,4000,
210104711,4430,
210104712,4540,
210104713,4905,
210104714,4750,
210104716,4755,
210104717,4905,
210104718,4935,
210104719,4900,
210104720,4480,
210104724,4430,
210104726,7370,
210104727,4100,
210104728,4050,
210104729,4000,Hotelaria
210104730,4400,
210104731,4460,
210104732,4200,
210104733,4740,
210104735,4450,
210104736,4450,
210104737,4500,
210104738,4450,
210104739,4450,
210104740,4450,
210104741,4475,
210104742,4780,
210104743,4425,
210104744,4595,
210104745,4795,
210104746,4595,
210104747,4410,
210104748,4400,
210104749,4100,
210104750,4660,
210104751,4430,
210104754,4050,
210104755,2695,
210104756,4050,
210104757,4100,
210104758,3830,Hotelaria
210104759,4150,
210104760,4100,
210104761,4000,
210104762,4420,
210104763,4200,
210104764,4050,
210104765,4050,
210104767,4000,
210104768,4150,
210104769,4465,
210104770,3880,
210104771,3880,
210104772,3885,
210104773,4500,
210104774,3800,
210104775,3800,
210104776,3700,
210104777,4540,
210104779,4350,
210104780,4465,
210104781,4485,
210104782,4450,
210104783,4400,
210104784,4350,
210104785,4450,
210104786,3700,
210104788,4200,
210104789,4464,
210104790,4710,
210104791,4435,
210104792,4430,
210104793,4485,
210104794,4000,
210104795,4835,
210104796,3810,
210104797,4464,
210104798,4400,
210104799,4450,
210104816,4470,
210104819,2710,
210104825,3800,
210104827,4715,
210104831,4430,
210104832,4630,
210104833,4455,
210104834,4470,
210104835,4900,
210104836,4510,
210104837,4465,
210104838,4710,
210104839,4435,
210104841,4350,
210104842,4470,
210104843,4050,
210104844,4505,
210104845,4445,
210104846,4000,
210104847,4100,
210104848,4050,
210104850,4450,
210104851,4470,
210104852,4470,
210104853,4440,
210104855,4400,
210104856,4430,
210104858,3510,
210104859,4400,
210104862,4400,
210104863,4620,
210104864,4000,
210104865,4169,
210104867,4400,
210104868,4150,
210104869,4600,
210104871,4450,
210104872,4815,
210104874,4400,
210104875,4400,
210104876,4780,
210104877,4425,
210104878,4410,
210104879,4740,
210104880,4505,Restaurante - Cozinha Portuguesa
210104881,4050,
210104882,4400,
210104883,4150,
210104884,4000,
210104887,4430,
210104889,5400,
210104890,3420,
210104891,4435,
210104893,4630,
210104894,5040,Hotelaria
210104895,4435,
210104896,4785,
210104897,4445,
210104899,4425,
210104900,4475,
210104902,4300,
210104903,4430,
210104906,4785,
210104907,4430,
210104908,4400,
210104909,4150,
210104910,4400,
210104911,4150,
210104912,4610,
210104914,4200,
210104915,4560,
210104916,4149,
210104917,4585,
210104918,4595,
210104919,4745,
210104920,4150,
210104926,4050,
210104928,4200,
210104929,4200,
210104932,4870,
210104933,3885,
210104934,4585,
210104937,4610,
210104938,1649,
210104941,4200,
210104947,4785,
210104948,4560,
210104949,4475,
210104951,4415,
210104952,4100,
210104953,4150,
210104954,4350,
210104955,4150,
210104956,4050,
210104957,4450,
210104959,4475,
210104961,4435,
210104962,4400,
210104963,4300,
210104964,4100,
210104965,4470,
210104966,4200,
210104967,3830,
210104968,4300,
210104969,4400,
210104970,4400,
210104971,4455,
210104973,4435,
210104974,4050,
210104975,4755,
210104976,4460,
210104977,4405,
210104978,4719,
210104981,2795,
210104982,4100,
210104984,3700,
210104985,4415,
210104986,4755,
210104987,4535,
210104989,4480,
210104990,1050,
210104991,4455,
210104992,4795,
210104994,4455,
210104995,4455,
210104996,4455,
210104997,1600,
210104999,2855,
210105000,4200,
210105001,1900,
210105002,4400,
210105003,4400,
210105004,4100,
210105005,5130,
210105006,4420,
210105007,3830,
210105008,4590,
210105009,1150,
210105010,2605,
210105011,2865,
210105012,4430,
210105013,4490,
210105015,4430,
210105016,7480,
210105018,4795,
210105021,4825,
210105029,4780,
210105033,4780,
210105034,4780,
210105035,4780,
210105039,4795,
210105040,4440,
210105041,4470,
210105042,4425,
210105043,4755,
210105044,4825,
210105046,4425,
210105047,4050,
210105048,4500,
210105049,4750,
210105050,6000,
210105051,4300,
210105052,4745,
210105053,3720,
210105056,4480,
210105058,4250,
210105059,4470,
210105060,4150,
210105061,4000,
210105062,4440,
210105063,4400,
210105064,4350,
210105065,4350,
210105066,4400,
210105067,4050,
210105069,4480,
210105070,4450,
210105071,4100,
210105072,4100,
210105073,4100,
210105074,4515,
210105075,4400,
210105078,4000,
210105079,4200,
210105081,4150,
210105082,4445,
210105083,4745,
210105085,4450,
210105086,4785,
210105087,4760,
210105088,4400,
210105089,4050,
210105092,4000,
210105093,4480,
210105094,4050,
210105095,4000,
210105100,4200,
210105101,4000,
210105103,4400,
210105108,4740,
210105109,4560,
210105117,4520,
210105121,4000,
210105126,4300,
210105127,1200,
210105128,4470,
210105130,4300,
210105131,3880,
210105132,4455,
210105133,4750,
210105135,4150,Hotelaria
210105136,4050,
210105137,4560,
210105138,4000,
210105140,4050,
210105142,4451,
210105143,4000,
210105144,4450,
210105146,4450,
210105147,4400,
210105150,4150,
210105153,4100,
210105154,4000,
210105155,4100,
210105156,4000,Catering
210105157,4050,
210105158,4000,
210105159,4785,
210105160,5400,
210105161,4760,
210105162,4000,
210105163,4520,
210105164,4470,
210105166,4700,
210105167,4810,
210105168,4480,
210105169,4760,
210105170,4470,
210105171,4650,
210105174,4440,
210105176,4450,
210105177,4050,
210105178,4480,
210105179,4455,
210105180,4150,
210105181,4000,
210105183,4500,
210105187,4050,
210105188,4410,
210105189,4420,
210105190,4785,
210105191,4520,
210105192,4590,
210105193,5000,
210105197,4200,
210105199,4050,
210105201,4470,
210105204,4050,
210105206,3810,
210105207,3885,
210105208,4460,
210105210,4050,
210105211,3880,
210105212,4585,
210105213,4470,
210105214,4485,
210105218,4050,
210105219,4050,
210105222,4450,
210105225,4150,
210105227,4050,
210105231,4700,
210105233,4585,
210105234,4050,
210105235,4100,
210105236,4445,
210105237,4200,
210105238,4050,
210105239,4149,
210105241,4150,
210105245,4585,
210105246,4470,
210105248,4369,
210105249,4470,
210105250,4750,
210105251,4480,
210105252,3850,
210105253,4485,
210105255,4200,
210105256,4200,
210105257,4465,
210105258,4610,
210105259,4480,
210105260,4000,
210105263,4000,
210105265,4200,
210105266,4200,
210105267,4200,
210105268,4000,Restaurante - Cozinha Portuguesa
210105269,4000,
210105270,3810,
210105271,4475,
210105273,4454,
210105274,4480,
210105275,4435,
210105276,4715,
210105277,4050,
210105278,4460,
210105279,4590,
210105280,4050,
210105281,2950,
210105283,1200,
210105284,1200,
210105288,2825,
210105289,1900,
210105290,1399,
210105291,2840,
210105292,2660,
210105293,2665,
210105294,2900,
210105295,2900,
210105296,2710,
210105297,2825,
210105299,4470,
210105300,1399,
210105301,3510,
210105305,4200,
210105306,1250,
210105307,1100,
210105308,7570,
210105309,4570,
210105310,2800,
210105311,2825,
210105312,2825,
210105313,2815,
210105314,2720,
210105315,2695,
210105316,2855,
210105317,2625,
210105318,7300,
210105319,2070,
210105320,7220,
210105321,4750,
210105322,7520,
210105323,6230,
210105324,7900,
210105326,2070,
210105329,4000,
210105330,4425,
210105331,4425,
210105333,4485,
210105335,4430,
210105336,4100,
210105339,4050,
210105342,4420,
210105343,4500,
210105344,4400,
210105346,4200,
210105347,4150,
210105348,3700,
210105351,4400,
210105354,4250,
210105356,4050,
210105357,4050,
210105358,4050,
210105359,4810,
210105360,4400,
210105361,4050,
210105364,4000,
210105366,4700,
210105367,4705,
210105371,4050,
210105372,4700,
210105373,4650,
210105374,5000,
210105375,4460,
210105376,4420,
210105377,4420,
210105378,4510,
210105379,4510,
210105380,2660,
210105382,4425,
210105386,4300,
210105387,3860,
210105389,4700,
210105390,4700,
210105391,4400,
210105392,4480,
210105393,4510,
210105394,4460,
210105396,4050,
210105397,4050,
210105402,4000,
210105403,4200,
210105404,4200,
210105405,4200,
210105406,4200,
210105407,4465,
210105408,4200,
210105409,4200,
210105410,4455,
210105411,4455,
210105412,4150,
210105414,4150,
210105418,4400,
210105419,4400,
210105420,4150,
210105423,4050,
210105424,4050,
210105429,4400,
210105432,4400,
210105433,4400,
210105435,4400,
210105437,4400,
210105438,4400,
210105440,4400,
210105441,4480,
210105442,4450,
210105443,4450,
210105444,4450,
210105446,4450,
210105447,4450,
210105449,4450,
210105451,4750,
210105452,4590,
210105453,4435,
210105454,4410,
210105455,4100,
210105463,4590,
210105465,4400,
210105466,4510,
210105467,4400,
210105469,3700,
210105471,4505,
210105473,4050,
210105478,4835,
210105479,4810,Restaurante - Cervejaria
210105480,4760,Restaurante - Cervejaria
210105485,4755,
210105488,4405,
210105490,4750,
210105491,4505,
210105492,4505,
210105493,4500,
210105495,4400,
210105496,4740,
210105498,3700,
210105499,3870,
210105500,4835,
210105504,4750,
210105505,4520,
210105506,4535,
210105507,4535,
210105521,4400,
210105532,4464,
210105533,4400,
210105534,4350,
210105536,4415,
210105537,4000,
210105538,4300,
210105541,4520,
210105543,4000,
210105547,3730,
210105550,4000,
210105553,4780,
210105554,4450,
210105557,4460,
210105560,4369,
210105563,4050,
210105565,4150,
210105566,4050,
210105567,4460,
210105572,4450,
210105573,4450,
210105575,4050,
210105576,4760,
210105578,4745,
210105582,4300,
210105584,3810,
210105585,4710,
210105586,4780,
210105588,4100,
210105589,4520,
210105590,4450,
210105592,4100,
210105593,4410,Café/Pastelaria
210105594,4400,
210105596,9000,
210105602,4050,
210105603,4200,
210105606,4000,
210105607,4750,
210105608,4000,
210105612,4150,
210105613,4050,
210105618,4150,
210105622,4050,Bar/Discoteca
210105626,4100,
210105627,1750,
210105632,4000,
210105634,4100,
210105635,4149,
210105636,4050,Bar/Discoteca
210105637,4510,
210105638,4460,
210105639,4485,
210105640,4470,
210105641,4825,
210105642,4780,
210105643,4795,
210105647,4795,
210105648,4780,
210105651,4450,
210105656,3885,
210105657,4455,
210105658,4050,
210105659,4465,
210105661,4460,
210105662,4460,
210105664,4710,
210105667,3880,
210105670,3885,
210105671,3885,
210105674,4200,
210105675,4450,
210105677,4400,
210105678,4465,
210105682,2835,
210105683,4465,
210105685,4480,
210105689,4000,
210105690,4410,
210105691,4455,
210105692,4450,
210105693,4485,
210105697,4610,
210105698,4050,
210105699,4450,
210105703,4050,
210105704,4450,
210105705,4050,
210105714,4490,
210105716,4900,
210105717,4050,
210105720,4455,
210105722,1600,
210105723,2695,
210105724,1685,
210105729,4050,
210105733,2830,Café/Pastelaria
210105734,2830,
210105735,1250,
210105740,4525,
210105745,4485,
210105746,4485,
210105747,4470,
210105748,4150,
210105751,4200,
210105755,4425,
210105756,4470,
210105757,4540,
210105761,4050,
210105762,4450,
210105767,3885,
210105773,3780,
210105775,4900,
210105777,4445,
210105778,4515,
210105784,4750,
210105785,4000,
210105787,4050,
210105788,4200,
210105789,4050,
210105790,4430,
210105792,6230,
210105793,4100,
210105794,4000,
210105796,4050,
210105799,4200,
210105802,2620,
210105805,4525,
210105809,4525,
210105810,4900,
210105812,4050,
210105813,4450,
210105815,4050,
210105821,4495,
210105823,4775,
210105824,4450,
210105827,4000,
210105828,4900,
210105829,4450,
210105830,4450,
210105833,4480,
210105834,4050,
210105837,4450,
210105838,4200,Café/Pastelaria
210105839,4050,
210105840,6120,
210105841,4300,
210105842,4810,
210105843,4250,
210105844,4300,
210105845,4050,
210105846,4300,Coletiva/Instituição/Cantina
210105847,4450,
210105852,4050,
210105856,1800,
210105857,2625,
210105858,2670,
210105859,2660,
210105860,4150,
210105861,2680,
210105862,4780,Café/Pastelaria
210105863,4000,
210105864,4400,
210105865,2625,
210105866,2660,
210105867,2635,
210105868,3405,
210105870,8800,
210105872,4150,
210105875,4300,
210105876,4430,
210105885,4050,
210105886,4050,
210105887,4000,
210105888,4450,
210105889,4570,
210105890,4450,Café/Pastelaria
210105892,4455,Bar/Discoteca
210105894,4100,
210105898,4050,
210105899,4450,
210105904,4050,
210105905,4410,
210105906,4400,
210105908,3885,
210105910,3885,
210105911,4450,
210105921,4100,
210105922,4490,
210105924,4150,
210105926,4450,
210105928,4100,
210105930,4300,
210105947,4050,
210105954,4050,
210105957,4450,
210105958,4450,
210105959,4425,
210105961,4100,
210105963,4760,
210105965,4410,
210105966,4410,
210105968,4350,Hotelaria
210105973,4405,
210105975,4350,
210105976,4580,
210105977,4410,
210105981,4100,
210105985,4810,
210105994,4740,
210105995,4430,Restaurante - Cozinha Portuguesa
210105996,4460,
210105998,4485,
210106000,4400,
210106004,4475,
210106005,4470,
210106006,4470,
210106007,4000,
210106008,4100,
210106009,4100,
210106010,4100,
210106011,4050,
210106012,4050,
210106013,4470,
210106014,4470,Hotelaria
210106016,4450,Restaurante - Tapas & Petiscos
210106018,4810,
210106021,4760,Café/Pastelaria
210106025,4250,
210106028,4000,
210106030,4050,
210106037,4445,
210106038,4050,
210106040,4050,
210106041,1685,
210106044,4450,
210106049,4100,Retail Outros
210106057,5450,
210106064,4400,
210106073,2610,
210106076,4560,
210106078,4475,Restaurante - Cozinha Portuguesa
210106081,4760,
210106082,4760,
210106083,4475,
210106085,4785,
210106088,4050,
210106097,4100,
210106104,4050,
210106107,4435,
210106112,4450,
210106121,4700,Hotelaria
210106127,4420,
210106133,4200,
210106136,4485,Restaurante - Tapas & Petiscos
210106147,4150,
210106151,4430,
210106154,4050,
210106155,4810,Hotelaria
210106157,4700,
210106158,4000,
210106159,4430,
210106160,4520,
210106161,3700,
210106162,3720,
210106164,4520,
210106165,4450,
210106171,4050,
210106172,4000,
210106176,4585,
210106178,4480,
210106179,4050,
210106185,4480,
210106190,4050,
210106198,4050,
210106202,4405,
210106204,4810,
210106205,4730,
210106209,4490,Bar/Discoteca
210106211,4815,
210106212,4470,
210106219,4435,
210106228,4445,Café/Pastelaria
210106232,4050,
210106233,4050,
210106235,4480,
210106238,9000,
210106239,9000,
210106240,1100,
210106255,4490,
210106257,4000,
210106266,4200,
210106281,4150,
210106284,4150,
210106287,4150,
210106289,4050,Restaurante - Italiano
210106291,4100,
210106304,4430,
210106305,4430,
210106307,4050,
210106309,4510,
210106312,4445,
210106315,2560,
210106318,2710,
210106323,4585,Café/Pastelaria
210106326,4050,
210106333,3810,
210106334,4445,
210106337,4585,
210106341,2610,
210106343,4880,Hotelaria
210106344,4000,
210106345,4050,
210106351,4050,
210106353,2625,
210106354,4000,Hotelaria
210106359,4400,
210106362,4000,
210106363,4000,
210106370,4400,
210106381,4575,Coletiva/Instituição/Cantina
210106388,4100,Hotelaria
210106389,5100,Hotelaria
210106393,4200,Hotelaria
210106394,4520,Hotelaria
210106395,4000,Hotelaria
210106396,4050,Hotelaria
210106398,4100,Hotelaria
210106399,4200,Coletiva/Instituição/Cantina
210106400,4100,Coletiva/Instituição/Cantina
210106401,4100,Coletiva/Instituição/Cantina
210106402,4350,Coletiva/Instituição/Cantina
210106403,4050,Coletiva/Instituição/Cantina
210106404,4200,Coletiva/Instituição/Cantina
210106405,4050,Coletiva/Instituição/Cantina
210106406,4300,Coletiva/Instituição/Cantina
210106407,4200,Coletiva/Instituição/Cantina
210106408,4150,Coletiva/Instituição/Cantina
210106409,4300,Coletiva/Instituição/Cantina
210106410,4000,Coletiva/Instituição/Cantina
210106411,4150,Restaurante - Cozinha Portuguesa
210106412,4050,Coletiva/Instituição/Cantina
210106413,4200,Coletiva/Instituição/Cantina
210106414,4100,Coletiva/Instituição/Cantina
210106415,4250,Coletiva/Instituição/Cantina
210106416,4250,Coletiva/Instituição/Cantina
210106417,4150,Coletiva/Instituição/Cantina
210106418,4000,Coletiva/Instituição/Cantina
210106419,4000,Coletiva/Instituição/Cantina
210106420,4300,Coletiva/Instituição/Cantina
210106421,4349,Coletiva/Instituição/Cantina
210106422,4150,Coletiva/Instituição/Cantina
210106423,4250,Coletiva/Instituição/Cantina
210106424,4200,Coletiva/Instituição/Cantina
210106425,4050,Coletiva/Instituição/Cantina
210106426,4050,Coletiva/Instituição/Cantina
210106427,4050,Coletiva/Instituição/Cantina
210106428,4050,Coletiva/Instituição/Cantina
210106431,2670,Catering
210106432,1600,Catering
210106433,4000,Hotelaria
210106435,4350,Hotelaria
210106436,4495,Coletiva/Instituição/Cantina
210106439,4560,Restaurante - Cozinha Portuguesa
210106445,4150,Hotelaria
210106446,4425,Restaurante - Cozinha Portuguesa
210106447,4000,Restaurante - Cozinha Portuguesa
210106448,4050,Restaurante - Cozinha Portuguesa
210106449,4000,Restaurante - Cozinha Portuguesa
210106450,4050,Restaurante - Cozinha Portuguesa
210106451,5050,Restaurante - Cozinha Portuguesa
210106452,5050,Restaurante - Cozinha Portuguesa
210106453,4450,Restaurante - Cozinha Portuguesa
210106454,4450,Restaurante - Cozinha Portuguesa
210106455,4350,Restaurante - Cozinha Portuguesa
210106456,4000,Restaurante - Japonês
210106457,4250,Restaurante - Japonês
210106458,4710,Restaurante - Cervejaria
210106459,4000,Restaurante - Cozinha Portuguesa
210106460,4400,Hotelaria
210106461,4900,Hotelaria
210106462,4450,Café/Pastelaria
210106463,4050,Restaurante - Cozinha Portuguesa
210106464,4100,Restaurante - Cozinha Portuguesa
210106465,4100,Restaurante - Cozinha Portuguesa
210106466,4250,Restaurante - Cozinha Portuguesa
210106467,4150,Restaurante - Cozinha Portuguesa
210106468,4050,Coletiva/Instituição/Cantina
210106469,4470,Restaurante - Churrasqueira
210106470,4150,Restaurante - Outra Cozinha Internacional
210106471,4470,Restaurante - Cozinha Portuguesa
210106472,4455,Restaurante - Cozinha Portuguesa
210106473,4465,Restaurante - Cozinha Portuguesa
210106474,4480,Restaurante - Cozinha Portuguesa
210106475,4050,Restaurante - Cozinha Portuguesa
210106476,4000,Frutaria
210106477,4200,Restaurante - Cozinha Portuguesa
210106478,4425,Restaurante - Cozinha Portuguesa
210106479,4050,Restaurante - Cozinha Portuguesa
210106480,4350,Restaurante - Cozinha Portuguesa
210106481,4445,Restaurante - Cozinha Portuguesa
210106482,4445,Restaurante - Cozinha Portuguesa
210106483,4000,Restaurante - Cozinha Portuguesa
210106484,4000,Restaurante - Cozinha Portuguesa
210106485,4000,Restaurante - Cozinha Portuguesa
210106486,4435,Restaurante - Cozinha Portuguesa
210106487,4435,Restaurante - Cozinha Portuguesa
210106488,4420,Restaurante - Cozinha Portuguesa
210106489,4510,Coletiva/Instituição/Cantina
210106490,4435,Restaurante - Cozinha Portuguesa
210106491,4420,Restaurante - Cozinha Portuguesa
210106492,4150,Restaurante - Italiano
210106493,4825,Coletiva/Instituição/Cantina
210106494,4490,Restaurante - Cozinha Portuguesa
210106495,4410,
210106496,4100,Restaurante - Cozinha Portuguesa
210106497,4100,Restaurante - Cozinha Portuguesa
210106498,4050,Restaurante - Japonês
210106499,4350,Restaurante - Cozinha Portuguesa
210106500,4430,Café/Pastelaria
210106501,4150,Restaurante - Cozinha Portuguesa
210106502,4350,Restaurante - Cozinha Portuguesa
210106503,4350,Restaurante - Cozinha Portuguesa
210106504,4455,Restaurante - Cozinha Portuguesa
210106505,4535,Restaurante - Cozinha Portuguesa
210106506,5100,Hotelaria
210106507,4200,Restaurante - Cozinha Portuguesa
210106508,4430,Restaurante - Cozinha Portuguesa
210106509,4450,Restaurante - Cozinha Portuguesa
210106510,4440,Restaurante - Cozinha Portuguesa
210106511,5050,Hotelaria
210106512,4475,Restaurante - Cozinha Portuguesa
210106513,4490,Restaurante - Cozinha Portuguesa
210106514,4440,Restaurante - Cozinha Portuguesa
210106515,4000,Hotelaria
210106516,4000,Catering
210106517,4050,Restaurante - Japonês
210106518,4150,Hotelaria
210106519,4150,Hotelaria
210106520,4500,Restaurante - Cozinha Portuguesa
210106521,4050,Hotelaria
210106522,3044,Café/Pastelaria
210106523,4250,Restaurante - Japonês
210106524,4430,Café/Pastelaria
210106525,4000,Restaurante - Cozinha Portuguesa
210106526,4100,Catering
210106527,4100,Restaurante - Cozinha Portuguesa
210106528,4710,Restaurante - Cozinha Portuguesa
210106529,4000,Hotelaria
210106530,4150,Hotelaria
210106531,4000,Hotelaria
210106532,4000,Hotelaria
210106533,4050,Restaurante - Cozinha Portuguesa
210106534,4880,Hotelaria
210106535,3720,Hotelaria
210106536,4150,Coletiva/Instituição/Cantina
210106539,4150,Restaurante - Cozinha Portuguesa
210106540,4490,Hotelaria
210106541,4935,Restaurante - Cozinha Portuguesa
210106542,3045,Retail Outros
210106543,3045,Retail Outros
210106544,4150,Restaurante - Cozinha Portuguesa
210106545,3700,Café/Pastelaria
210106546,4150,Restaurante - Cozinha Portuguesa
210106547,4150,Restaurante - Cozinha Portuguesa
210106548,4460,Restaurante - Mexicano
210106549,4400,Hotelaria
210106550,4740,Hotelaria
210106551,4470,Bar/Discoteca
210106552,4000,Restaurante - Cozinha Portuguesa
210106553,4050,Restaurante - Cozinha Portuguesa
210106554,4000,Restaurante - Cozinha Portuguesa
210106555,4000,Restaurante - Cozinha Portuguesa
210106556,4000,Hotelaria
210106557,5050,Hotelaria
210106558,5050,Hotelaria
210106559,4150,Hotelaria
210106560,4050,Hotelaria
210106561,4250,Café/Pastelaria
210106562,4485,Coletiva/Instituição/Cantina
210106563,4475,Café/Pastelaria
210106564,4100,Restaurante - Steak House
210106565,4000,Café/Pastelaria
210106566,4100,Café/Pastelaria
210106567,4150,Restaurante - Cozinha Portuguesa
210106568,4000,Restaurante - Cozinha Portuguesa
210106569,4410,Restaurante - Cozinha Portuguesa
210106570,3800,Restaurante - Cozinha Portuguesa
210106571,3850,Restaurante - Cozinha Portuguesa
210106572,4900,Restaurante - Cozinha Portuguesa
210106573,4450,Restaurante - Vegetariano
210106574,4410,Restaurante - Cozinha Portuguesa
210106575,4050,Hotelaria
210106576,4050,Hotelaria
210106577,4050,Hotelaria
210106578,4050,Hotelaria
210106579,4050,Hotelaria
210106580,4050,Hotelaria
210106581,4050,Hotelaria
210106582,4050,Hotelaria
210106583,4470,Catering
210106584,4715,Hotelaria
210106585,4810,Hotelaria
210106586,4560,Restaurante - Chinês
